id,filename,url,title,date,agency,author,requester,request_type,topic,status,notes
1,cdw-001.pdf,https://archive.org/details/cdw-001,Commission email re Chamber workshop follow-up (to Myra),6-Apr-26,,Callaway County Commission,Callaway DataWatch,Sunshine Request,Data Center,Received,"Callaway County Commission: org), cc Crusoe (Bates-Janigo, Workman), Polsinelli (Brady), NorthPoint (George). Follow-up to prior email; Tamara from the Chamber taking over next steps on the workshop."
2,cdw-002.pdf,https://archive.org/details/cdw-002,Callaway County Clerk's Office Request for Records Form (handwritten),,,,Callaway DataWatch,Sunshine Request,Data Center,Received,Handwritten Sunshine Law records request form (Chapter 610 RSMo) submitted to the County Clerk. Handwriting partially illegible in OCR; open PDF to read requester details.
3,cdw-003.pdf,https://archive.org/details/cdw-003,Commissioner's Sent Email to Random Email Address and Not the Requestor of The Sunshine Request from CDW,7/10/2026,,Callaway Commission,Callaway DataWatch,Sunshine Request,Data Center,Received,"Callaway Commission: I approve these charges On Fri, Jul 10, 2026 at 1:37 PM Callaway Commission <comish@callawaycounty.org> wrote:"
4,cdw-004.pdf,https://archive.org/details/cdw-004,Sandy Bond Urgent Concerns Regarding Proposed Data Center in Callaway County MO,5/25/2026,,Sandy Bond,Callaway DataWatch,Sunshine Request,Data Center,Received,Sandy Bond: express my opposition to the proposed andating noise mitigation: Restricting chiller operations to meet noise limits at property lines. ~
5,cdw-005.pdf,https://archive.org/details/cdw-005,Sandy Bond Urgent Concerns Regarding Proposed Data Center in Callaway County MO,5/25/2026,,Sandy Bond,Callaway DataWatch,Sunshine Request,Data Center,Received,Sandy Bond: a resident 0! Callaway 2. Grid Reliability: The immense energy demands
6,cdw-006.pdf,https://archive.org/details/cdw-006,Sandy Bond Urgent Concerns Regarding Proposed Data Center in Callaway County MO,5/25/2026,,Sandy Bond,Callaway DataWatch,Sunshine Request,Data Center,Received,Sandy Bond: fam writing ©> forn aly center project in Callaway Count
7,cdw-007.pdf,https://archive.org/details/cdw-007,Amanda Bowlds Resident of 10 years with major concerns reagarding the proposed Data Center.,5/18/2026,,Amanda Bowlds,Callaway DataWatch,Sunshine Request,Data Center,Received,"Amanda Bowlds: "". Dear Callaway County, I'm a 10 year resident and home owner of Fulton, Missouri, and I wanted to formally express my concerns regarding the proposed data center project in Callaway County unless meaningful"
8,cdw-008.pdf,https://archive.org/details/cdw-008,Amanda Bowlds Resident of 10 years with major concerns reagarding the proposed Data Center.,5/18/2026,,Amanda Bowlds,Callaway DataWatch,Sunshine Request,Data Center,Received,"Amanda Bowlds: "". Dear Callaway County, I'm a 10 year resident and home owner of Fulton, Missouri, and I wanted to formally express my concerns regarding the proposed data center project in Callaway County unless meaningful"
9,cdw-009.pdf,https://archive.org/details/cdw-009,Lisa Clark has concerns about data center development,5/20/2026,,Lisa Clark,Callaway DataWatch,Sunshine Request,Data Center,Received,Lisa Clark: I am a resident of Fulton and writing to formally express my opposition to ...
10,cdw-010.pdf,https://archive.org/details/cdw-010,"Chris Scott Sends Another Copy and Paste Email Response to Residents of Callaway County, "" Please know you have been heard…""",5/21/2026,,Christopher Scott,Callaway DataWatch,Sunshine Request,Data Center,Received,Christopher Scott: I appreciate you taking the time to send your email. Please know that you have been heard. If you would like to discus...
11,cdw-011.pdf,https://archive.org/details/cdw-011,Lisa Clark has concerns about data center development,5/20/2026,,Lisa Clark,Callaway DataWatch,Sunshine Request,Data Center,Received,Lisa Clark: I am a resident of Fulton and writing to formally express my opposition to t...
12,cdw-012.pdf,https://archive.org/details/cdw-012,Jessica Crane Resident of Kingdom City is Concerned Data Centers Will Present Significant Risks to Our Community,5/26/2026,,Jessica Crane,Callaway DataWatch,Sunshine Request,Data Center,Received,"Jessica Crane: Dear Commissioners,"
13,cdw-013.pdf,https://archive.org/details/cdw-013,Jessica Crane Resident of Kingdom City is Concerned Data Centers Will Present Significant Risks to Our Community,5/26/2026,,Jessica Crane,Callaway DataWatch,Sunshine Request,Data Center,Received,"Jessica Crane: Dear Commissioners,"
14,cdw-014.pdf,https://archive.org/details/cdw-014,"Chris Scott Sends Another Copy and Paste Email Response to Residents of Callaway County, "" Please know you have been heard…""",5/26/2026,,Christopher Scott,Callaway DataWatch,Sunshine Request,Data Center,Received,"Christopher Scott: I appreciate you taking the time to send your email. Please know that you have been heard. If you would like to discuss further, I would welcome either a telephone ..."
15,cdw-015.pdf,https://archive.org/details/cdw-015,Cassandra Drinkwater Requests a Moratorium on Data Centers,1-Aug-26,,,Callaway DataWatch,Sunshine Request,Data Center,Received,Citizen of Callaway County asking for a moratorium ordinance and insisting the commissioners deny the data center. Sender name not captured by OCR; open PDF to identify.
16,cdw-016.pdf,https://archive.org/details/cdw-016,Chris Scott Responds to Request for Moratorium Claiming an Open House was Given when It Was Not,8/3/2026,,Christopher Scott,Callaway DataWatch,Sunshine Request,Data Center,Received,Christopher Scott: Thank you for your recent emails. I appreciate your concerns over the pending development of a data center in Callaway County. The Commission shares your conc...
17,cdw-017.pdf,https://archive.org/details/cdw-017,Yvette English: Urgent Call for Accountability - Protecting Callaway County Taxpayers and Land from Data Center Chris Scott Responds to Request for Moratorium Claiming an Open House was Given when It Was Not,8/3/2026,,Christopher Scott,Callaway DataWatch,Sunshine Request,Data Center,Received,Christopher Scott: Thank you for your recent emails. I appreciate your concerns over the pending development of a data center in Callaway County. The Commission shares your c...
18,cdw-018.pdf,https://archive.org/details/cdw-018,Yvette English: Urgent Call for Accountability - Protecting Callaway County Taxpayers and Land from Data Center Development,5/23/2026,,Englassed musetech,Callaway DataWatch,Sunshine Request,Data Center,Received,Englassed musetech: To —JimSchulte@house.mo.gov <Jim.Schulte@house.mo.gov>; Gary Jungermann <GJungermann@Callawaycounty.org>; Christopher Scott <cscott@callawaycounty.org>; Curt Warfield <cwarfield@callawaycounty.org>
19,cdw-019.pdf,https://archive.org/details/cdw-019,"Chris Scott Sends Another Copy and Paste Email Response to Residents of Callaway County, "" Please know you have been heard…""",5/15/2026,,Christopher Scott,Callaway DataWatch,Sunshine Request,Data Center,Received,"Christopher Scott: To = Caryne Gordon <carynebowyer@gmail.com> As your Western District Commissioner, I appreciate your email expressing your concerns over the data center discussions in Callaway County. Your passion was clearly communicated through your email. While I work to stay educated on curr..."
20,cdw-020.pdf,https://archive.org/details/cdw-020,Caryne Gordon has Urgent Concerns Regarding Proposed Data Center in Callaway County MO,5/15/2026,,Caryne Gordon,Callaway DataWatch,Sunshine Request,Data Center,Received,"Caryne Gordon: Dear Curt Warfield, I am a resident of Fulton and I am writing to formally express my opposition to the proposed data"
21,cdw-021.pdf,https://archive.org/details/cdw-021,Caryne Gordon has Urgent Concerns Regarding Proposed Data Center in Callaway County MO,5/15/2026,,Caryne Gordon,Callaway DataWatch,Sunshine Request,Data Center,Received,"Caryne Gordon: Dear Curt Warfield, I am a resident of Fulton and I am writing to formally express my opposition to the proposed data"
22,cdw-022.pdf,https://archive.org/details/cdw-022,Caitlyn Green has Urgent Concerns Regarding Proposed Data Center in Callaway County MO,5/23/2026,,Caitlyn Green,Callaway DataWatch,Sunshine Request,Data Center,Received,"Caitlyn Green: Dear Commissioner Warfield, I am a resident of Holts Summit and I am writing to formally express my opposition to the proposed data"
23,cdw-023.pdf,https://archive.org/details/cdw-023,"Chris Scott Sends Another Copy and Paste Email Response to Residents of Callaway County, "" Please know you have been heard…""",5/26/2026,,Christopher Scott,Callaway DataWatch,Sunshine Request,Data Center,Received,"Christopher Scott: I appreciate you taking the time to send your email. Please know that you have been heard. If you would like to discuss further, I would welcome either a telephone discussion or an in-person chat. My contact info is all available in the email signa..."
24,cdw-024.pdf,https://archive.org/details/cdw-024,Caitlyn Green has Urgent Concerns Regarding Proposed Data Center in Callaway County MO,5/23/2026,,Caitlyn Green,Callaway DataWatch,Sunshine Request,Data Center,Received,"Caitlyn Green: Dear Commissioner Warfield, I am a resident of Holts Summit and I am writing to formally express my opposition to the proposed data"
25,cdw-025.pdf,https://archive.org/details/cdw-025,Jeremiah Hoskins is in Opposition to Callaway Data Center,5/27/2026,,Jeremiah Hoskins,Callaway DataWatch,Sunshine Request,Data Center,Received,"Jeremiah Hoskins: Dear Commissioner Warfield, I am a resident of Fulton, Mo and I am writing to formally express my opposition to the proposed data center"
26,cdw-026.pdf,https://archive.org/details/cdw-026,Jeremiah Hoskins is in Opposition to Callaway Data Center,5/27/2026,,Jeremiah Hoskins,Callaway DataWatch,Sunshine Request,Data Center,Received,"Jeremiah Hoskins: Dear Commissioner Warfield, I am a resident of Fulton, Mo and I am writing to formally express my opposition to the proposed data center"
27,cdw-027.pdf,https://archive.org/details/cdw-027,"Chris Scott Sends Another Copy and Paste Email Response to Residents of Callaway County, "" Please know you have been heard…""",5/27/2026,,Christopher Scott,Callaway DataWatch,Sunshine Request,Data Center,Received,"Christopher Scott: I appreciate you taking the time to send your email. Please know that you have been heard. If you would like to discuss further, I would welcome either a telephone discussion or an in-person chat. My contact info is all available in the email s..."
28,cdw-028.pdf,https://archive.org/details/cdw-028,"Chris Scott Sends Another Copy and Paste Email Response to Residents of Callaway County, "" Please know you have been heard…""",5/27/2026,,Christopher Scott,Callaway DataWatch,Sunshine Request,Data Center,Received,"Christopher Scott: I appreciate you taking the time to send your email. Please know that you have been heard. If you would like to discuss further, I would welcome either a telephone discussion or an in-person chat. My contact info is all available in the emai..."
29,cdw-029.pdf,https://archive.org/details/cdw-029,"Chris Scott Sends Another Copy and Paste Email Response to Residents of Callaway County, "" Please know you have been heard…""",5/26/2026,,Christopher Scott,Callaway DataWatch,Sunshine Request,Data Center,Received,"Christopher Scott: I appreciate you taking the time to send your email. Please know that you have been heard. If you would like to discuss further, I would welcome either a telephone discussion or an in-person chat. My contact info is all available in the email sig..."
30,cdw-030.pdf,https://archive.org/details/cdw-030,Trena Hoskins is in Opposition to Callaway Data Center,5/23/2026,,Trena Hoskins,Callaway DataWatch,Sunshine Request,Data Center,Received,"Trena Hoskins: Jim.Schulte@house.mo.gov Dear Commissioner Warfield,"
31,cdw-031.pdf,https://archive.org/details/cdw-031,Trena Hoskins is in Opposition to Callaway Data Center,5/23/2026,,Trena Hoskins,Callaway DataWatch,Sunshine Request,Data Center,Received,"Trena Hoskins: Jim.Schulte @house.mo.gov Dear Commissioner Warfield,"
32,cdw-032.pdf,https://archive.org/details/cdw-032,Mark Huff has Urgent Concern Regarding Proposed Data Center in Callaway County,6/10/2026,,Mark Huff,Callaway DataWatch,Sunshine Request,Data Center,Received,"Mark Huff: Dear Commissioner Warfield, I am a resident of Fulton, Missouri and I am writing to formally express my opposition to the"
33,cdw-033.pdf,https://archive.org/details/cdw-033,"Chris Scott Sends Another Copy and Paste Email Response to Residents of Callaway County, "" Please know you have been heard…""",6/10/2026,,Christopher Scott,Callaway DataWatch,Sunshine Request,Data Center,Received,"Christopher Scott: I appreciate you taking the time to send your email. Please know that you have been heard. If you would like to discuss further the proposed Callaway project, I would welcome either a telephone discussion or an in-person chat. My contact info is all ..."
34,cdw-034.pdf,https://archive.org/details/cdw-034,"Chris Scott Sends Another Copy and Paste Email Response to Residents of Callaway County, "" Please know you have been heard…""",6/10/2026,,Christopher Scott,Callaway DataWatch,Sunshine Request,Data Center,Received,"Christopher Scott: To = Mark Huff <markjosephhuff@gmail.com> I appreciate you taking the time to send your email. Please know that you have been heard. If you would like to discuss further the proposed Callaway project, I would welcome either a telephone discussion or an in-person chat. My contact..."
35,cdw-035.pdf,https://archive.org/details/cdw-035,Mark Huff has Urgent Concern Regarding Proposed Data Center in Callaway County,6/10/2026,,Mark Huff,Callaway DataWatch,Sunshine Request,Data Center,Received,"Mark Huff: Dear Commissioner Warfield, I am a resident of Fulton, Missouri and I am writing to formally express my opposition to the"
36,cdw-036.pdf,https://archive.org/details/cdw-036,Chris Scott's response to Josh Hughes concerns regarding Data Center development proposal in Callaway County,,,,Callaway DataWatch,Sunshine Request,Data Center,Received,"No usable OCR text on this scan. Based on the title, this is: Chris Scott's response to Josh Hughes concerns regarding Data Center development proposal in Callaway County. Open the PDF to confirm and add detail."
37,cdw-037.pdf,https://archive.org/details/cdw-037,Chris Scott's response to Jennifer Kempker's concerns regarding Data Center development proposal in Callaway County,5/29/2026,,Christopher Scott,Callaway DataWatch,Sunshine Request,Data Center,Received,"Christopher Scott: I appreciate you taking the time to send your email. Please know that you have been heard. If you would like to discuss further the proposed Callaway project, I would welcome either a telephone discussion or an in-person chat. My contact info is a..."
38,cdw-038.pdf,https://archive.org/details/cdw-038,Chris Scott's response to Jennifer Kempker's concerns regarding Data Center development proposal in Callaway County,,,,Callaway DataWatch,Sunshine Request,Data Center,Received,"No usable OCR text on this scan. Based on the title, this is: Chris Scott's response to Jennifer Kempker's concerns regarding Data Center development proposal in Callaway County. Open the PDF to confirm and add detail."
39,cdw-039.pdf,https://archive.org/details/cdw-039,Chris Scott's response to Jennifer Kempker's concerns regarding Data Center development proposal in Callaway County,5/29/2026,,Christopher Scott,Callaway DataWatch,Sunshine Request,Data Center,Received,"Christopher Scott: I appreciate you taking the time to send your email. Please know that you have been heard. If you would like to discuss further the proposed Callaway project, I would welcome either a telephone discussion or an in-person chat. My contact info is ..."
40,cdw-040.pdf,https://archive.org/details/cdw-040,Email from Amanda Kerr,5/28/2026,,Amanda Kerr,Callaway DataWatch,Sunshine Request,Data Center,Received,"Amanda Kerr: Yes sir, I will be there. Thank you so much! On May 28, 2026, at 8:57 PM, Christopher Scott <cscott@callawaycounty.org> wrote: Does 11:00am work for you? If so, I will see you then."
41,cdw-041.pdf,https://archive.org/details/cdw-041,Amanda Kerr emails concerns - Urgent: please hault any progress of data centers in Callaway County,5/18/2026,,Amanda Kerr,Callaway DataWatch,Sunshine Request,Data Center,Received,"Amanda Kerr: Dear Commissioner Warfield, I am a 15 year resident of Fulton and I am writing to formally express my opposition to the proposed"
42,cdw-042.pdf,https://archive.org/details/cdw-042,Email from Amanda Kerr expresses that Most of the Citizens in this County of Callaway Do Not Want This Data Center,5/21/2026,,Amanda Kerr,Callaway DataWatch,Sunshine Request,Data Center,Received,"Amanda Kerr: Commissioner Warfield, Thank you for emailing me back, sir. With resources like clean water and soil on the line, it's hard to understand remaining neutral. I do appreciate the commission seeking further education. Again,"
43,cdw-043.pdf,https://archive.org/details/cdw-043,Amanda Kerr emails concerns - Urgent: please hault any progress of data centers in Callaway County,5/18/2026,,Amanda Kerr,Callaway DataWatch,Sunshine Request,Data Center,Received,"Amanda Kerr: Dear Commissioner Warfield, 15 year resident of Fulton and I am writing to formally express my opposition to the proposed"
44,cdw-044.pdf,https://archive.org/details/cdw-044,Candace Latham has Concerns regarding the proposed data center in Callaway County,5/15/2026,,Candace Latham,Callaway DataWatch,Sunshine Request,Data Center,Received,"Candace Latham: Good afternoon,"
45,cdw-045.pdf,https://archive.org/details/cdw-045,"Chris Scott Sends Another Copy and Paste Email Response to Residents of Callaway County, "" Please know you have been heard…""",5/15/2026,,Christopher Scott,Callaway DataWatch,Sunshine Request,Data Center,Received,"Christopher Scott: As your Western District Commissioner, I appreciate your email expressing your concerns over the data center discussions in Callaway County. While I work to stay educated on current topics as your County leader, I always wish to temper the"
46,cdw-046.pdf,https://archive.org/details/cdw-046,Kim Lorentz is in Opposition to Data Center,5/26/2026,,kim lorentz,Callaway DataWatch,Sunshine Request,Data Center,Received,"kim lorentz: Jim.Schulte@house.mo.gov <Jim.Schulte@house.mo.gov> Dear Commissioners and Mr. Schulte ,"
47,cdw-047.pdf,https://archive.org/details/cdw-047,"Chris Scott Sends Another Copy and Paste Email Response to Residents of Callaway County, "" Please know you have been heard…""",5/26/2026,,Christopher Scott,Callaway DataWatch,Sunshine Request,Data Center,Received,Christopher Scott: I appreciate you taking the time to send your email. Please know that you have been heard. If you
48,cdw-048.pdf,https://archive.org/details/cdw-048,Kim Lorentz is in Opposition to Data Center,5/26/2026,,kim lorentz,Callaway DataWatch,Sunshine Request,Data Center,Received,"kim lorentz: To — Gary Jungermann <GJungermann@Callawaycounty.org>; Christopher Scott <cscott@callawaycounty.org>; Curt Warfield <cwarfield@callawaycounty.org>; Jim.Schulte@house.mo.gov <Jim.Schulte@house.mo.gov> Dear Commissioners and Mr. Schulte ,"
49,cdw-049.pdf,https://archive.org/details/cdw-049,Gary Jungermann Forwards Email from Concerned Citizen Jenny Love,5/18/2026,,Gary Jungermann,Callaway DataWatch,Sunshine Request,Data Center,Received,"Gary Jungermann: Dear Commissioner Jungerman 1am a resident of Fulton, Missouri and I am writing to formally express my opposition to the proposed data center project in Callaway County, unless proper protections for ..."
50,cdw-050.pdf,https://archive.org/details/cdw-050,Love,5/18/2026,,Gary Jungermann,Callaway DataWatch,Sunshine Request,Data Center,Received,"Gary Jungermann: Dear Commissioner Jungerman I am a resident of Fulton, Missouri and I am writing to formally express my opposition to the proposed data center project in Callaway County, unless proper protections for t..."
51,cdw-051.pdf,https://archive.org/details/cdw-051,Email from Christopher Scott regarding responding to Darien McFadden a 30 year resident who is opposed to data centers,5/18/2026,,Christopher Scott,Callaway DataWatch,Sunshine Request,Data Center,Received,Christopher Scott: I replied to Darien... Christopher Scott Callaway County Commission
52,cdw-052.pdf,https://archive.org/details/cdw-052,Darien McFadden is a 30 year resident of Callaway County and Opposed to Data Centers and Has Requested a Moratorium to Conduct a Comprehensive Impact Study,5/18/2026,,Darien McFadden,Callaway DataWatch,Sunshine Request,Data Center,Received,"Darien McFadden: Dear Commissioner Warfield, My name is Darien McFadden, I'm a resident of Fulton, Missouri. I am writing to formally express my"
53,cdw-053.pdf,https://archive.org/details/cdw-053,Devin Overkamp was Born and Raised in Callaway County and is Urging the Commissioners to institute a Moratorium to Conduct a Comprehensive Impact Study as He has Concerns Regarding Proposed Data Center in Callaway County MO,5/23/2026,,Devin Overkamp,Callaway DataWatch,Sunshine Request,Data Center,Received,"Devin Overkamp: Jim.Schulte@house.mo.gov <Jim.Schulte@house.mo.gov> Dear Commissioners,"
54,cdw-054.pdf,https://archive.org/details/cdw-054,Devin Overkamp was Born and Raised in Callaway County and is Urging the Commissioners to institute a Moratorium to Conduct a Comprehensive Impact Study as He has Concerns Regarding Proposed Data Center in Callaway County MO,5/23/2026,,Devin Overkamp,Callaway DataWatch,Sunshine Request,Data Center,Received,"Devin Overkamp: Jim.Schulte@house.mo.gov <Jim.Schulte@house.mo.gov> Dear Commissioners,"
55,cdw-055.pdf,https://archive.org/details/cdw-055,"Chris Scott Sends Another Copy and Paste Email Response to Residents of Callaway County, "" Please know you have been heard…""",5/26/2026,,Christopher Scott,Callaway DataWatch,Sunshine Request,Data Center,Received,Christopher Scott: I appreciate you taking the time to send your email. Please know that you have been heard. If you
56,cdw-056.pdf,https://archive.org/details/cdw-056,Allison Pawlish is Opposed to Data Center Development in Callaway County MO,5/20/2026,,Allison Pawlish,Callaway DataWatch,Sunshine Request,Data Center,Received,"Allison Pawlish: Dear Curt Warfield, I am a resident of Callaway County, and I am writing to formally express my opposition to the"
57,cdw-057.pdf,https://archive.org/details/cdw-057,Hanna Rustemeyer has Urgent Concerns Regarding Proposed Data Center in Callaway County MO,5/15/2026,,hanna rustemeyer,Callaway DataWatch,Sunshine Request,Data Center,Received,"hanna rustemeyer: Dear Commissioner Scott , I am a resident of Auxvasse, MO, in Callaway County, and I am writing to formally express my opposition"
58,cdw-058.pdf,https://archive.org/details/cdw-058,Hanna Rustemeyer has Urgent Concerns Regarding Proposed Data Center in Callaway County MO,5/15/2026,,hanna rustemeyer,Callaway DataWatch,Sunshine Request,Data Center,Received,"hanna rustemeyer: Dear Commissioner Scott , I am a resident of Auxvasse, MO, in Callaway County, and I am writing to formally express my opposition"
59,cdw-059.pdf,https://archive.org/details/cdw-059,"Chris Scott Sends Another Copy and Paste Email Response to Residents of Callaway County, "" Please know you have been heard…""",5/29/2026,,Christopher Scott,Callaway DataWatch,Sunshine Request,Data Center,Received,"Christopher Scott: Rustemeyer, Samantha <Samantha.Rustemeyer@doc.mo.gov> I appreciate you taking the time to send your email. Please know that you have been heard. If you would like to discuss further, I would welcome either a telephone discussion or an in-person chat. My contact info is all availa..."
60,cdw-060.pdf,https://archive.org/details/cdw-060,"Chris Scott Sends Another Copy and Paste Email Response to Residents of Callaway County, "" Please know you have been heard…""",5/29/2026,,Christopher Scott,Callaway DataWatch,Sunshine Request,Data Center,Received,"Christopher Scott: To — Rustemeyer, Samantha <Samantha.Rustemeyer@doc.mo.gov> I appreciate you taking the time to send your email. Please know that you have been heard. If you would like to discuss further, I would welcome either a telephone discussion or an in-person chat. My contact info is all a..."
61,cdw-061.pdf,https://archive.org/details/cdw-061,Samantha Rustemeyer Opposition of Callaway County Data Center Project,5/29/2026,,"Rustemeyer, Samantha",Callaway DataWatch,Sunshine Request,Data Center,Received,"Rustemeyer, Samantha: Dear Commissioner Warfield, I am a resident of Callaway County in Fulton, Mo and I am writing to formally express my opposition to"
62,cdw-062.pdf,https://archive.org/details/cdw-062,Samantha Rustemeyer Opposition of Callaway County Data Center Project,5/29/2026,,"Rustemeyer, Samantha",Callaway DataWatch,Sunshine Request,Data Center,Received,"Rustemeyer, Samantha: Dear Commissioner Warfield, 1am a resident of Callaway County in Fulton, Mo and I am writing to formally express my opposition to"
63,cdw-063.pdf,https://archive.org/details/cdw-063,Craig Roost No Data Centers in Callaway County,5/26/2026,,Rooster,Callaway DataWatch,Sunshine Request,Data Center,Received,"Rooster: , Thank you."". To — JimSchulte@house.mo.gov <Jim.Schulte@house.mo.gov>; Curt Warfield <cwarfield@callawaycounty.org>; Christopher Scott <cscott@callawaycounty.org>; Gary Jungermann <GJungermann@Callawaycounty.org> Dear Commissioners,"
64,cdw-064.pdf,https://archive.org/details/cdw-064,"Craig Roost No Data Centers in Callaway Co., Thank you.",5/26/2026,,Rooster,Callaway DataWatch,Sunshine Request,Data Center,Received,"Rooster: , Thank you."". To — JimSchulte@house.mo.gov <Jim.Schulte@house.mo.gov>; Curt Warfield <cwarfield@callawaycounty.org>; Christopher Scott <cscott@callawaycounty.org>; Gary Jungermann <GJungermann@Callawaycounty.org> Dear Commissioners,"
65,cdw-065.pdf,https://archive.org/details/cdw-065,"Chris Scott Sends Another Copy and Paste Email Response to Residents of Callaway County, "" Please know you have been heard…""",5/27/2026,,Christopher Scott,Callaway DataWatch,Sunshine Request,Data Center,Received,Christopher Scott: I appreciate you taking the time to send your email. Please know that you have been heard. If you
66,cdw-066.pdf,https://archive.org/details/cdw-066,"Chris Scott Sends Another Copy and Paste Email Response to Residents of Callaway County, "" Please know you have been heard…""",26-May-26,,Christopher Scott,Callaway DataWatch,Sunshine Request,Data Center,Received,Christopher Scott: Wed $/27/2026 12:40 PM Rooster <roostermod@gmail.com> Jim Schulte <jim.schulte@house.mo.gov>; Curt Warfield <cwarfield@callawaycounty.org>; Gary Jungermann <GJungermann@Callawaycounty.org> I appreciate you taking the time to send your email. Please know that you have been heard....
67,cdw-067.pdf,https://archive.org/details/cdw-067,Email from Curt Warfield responding to Will Shyrock,5/18/2026,,Curt Warfield,Callaway DataWatch,Sunshine Request,Data Center,Received,"Curt Warfield: To — Will Shryock <willjshryock@gmail.com>; Christopher Scott <cscott@callawaycounty.org>; Gary Jungermann <GJungermann@Callawaycounty.org> Hi Will, I appreciate your email expressing your concerns over the data center discussions in Callaway County. Your passion was clearly comm..."
68,cdw-068.pdf,https://archive.org/details/cdw-068,Will Shyrock Urgent concern regarding data center plans in Callaway county,5/18/2026,,Will Shryock,Callaway DataWatch,Sunshine Request,Data Center,Received,"Will Shryock: Dear Commissioners,"
69,cdw-069.pdf,https://archive.org/details/cdw-069,Will Shyrock Urgent concern regarding data center plans in Callaway county,5/18/2026,,Will Shryock,Callaway DataWatch,Sunshine Request,Data Center,Received,"Will Shryock: Dear Commissioners,"
70,cdw-070.pdf,https://archive.org/details/cdw-070,Email from Curt Warfield responding to Will Shyrock,5/18/2026,,Curt Warfield,Callaway DataWatch,Sunshine Request,Data Center,Received,"Curt Warfield: Hi Will, I appreciate your email expressing your concerns over the data center discussions in Callaway County. Your passion was clearly communicated through your e..."
71,cdw-071.pdf,https://archive.org/details/cdw-071,Sherry Bielinski Just Say No to Data Centers,5/16/2026,,Sherry Bielinski,Callaway DataWatch,Sunshine Request,Data Center,Received,"Sherry Bielinski: To — Gary Jungermann <GJungermann@Callawaycounty.org>; Christopher Scott <cscott@callawaycounty.org>; Curt Warfield <cwarfield@callawaycounty.org> Please do not approve turning Callaway County into a hideous, intrusive, destructive server farm. Protect your constituents and their..."
72,cdw-072.pdf,https://archive.org/details/cdw-072,Sherry Bielinski Just Say No to Data Centers,5/16/2026,,Sherry Bielinski,Callaway DataWatch,Sunshine Request,Data Center,Received,"Sherry Bielinski: To — Gary Jungermann <GJungermann@Callawaycounty.org>; Christopher Scott <cscott@callawaycounty.org>; Curt Warfield <cwarfield@callawaycounty.org> Please do not approve turning Callaway County into a hideous, intrusive, destructive server farm. Protect your constituents and their..."
73,cdw-073.pdf,https://archive.org/details/cdw-073,"Chris Scott Sends Another Copy and Paste Email Response to Residents of Callaway County, "" Please know you have been heard…""",5/18/2026,,Christopher Scott,Callaway DataWatch,Sunshine Request,Data Center,Received,"Christopher Scott: To — Sherry Bielinski <sherry68bq@yahoo.com>; Gary Jungermann <GJungermann@Callawaycounty.org>; Curt Warfield <cwarfield@callawaycounty.org> I appreciate you taking the time to send your email. Please know that you have been heard. If you would like to discuss further, I would we..."
74,cdw-074.pdf,https://archive.org/details/cdw-074,Email from Christopher Scott,5/18/2026,,Christopher Scott,Callaway DataWatch,Sunshine Request,Data Center,Received,Christopher Scott: Cc — Gary Jungermann <GJungermann@Callawaycounty.org>; Curt Warfield <cwarfield@callawaycounty.org> Any items on the Commission agenda are open to the public. The business agendas of the Commission are posted daily (24-hour advanced notice requirement) an...
75,cdw-075.pdf,https://archive.org/details/cdw-075,"Chris Scott Sends Another Copy and Paste Email Response to Residents of Callaway County, "" Please know you have been heard…""",5/15/2026,,Christopher Scott,Callaway DataWatch,Sunshine Request,Data Center,Received,"Christopher Scott: Cc — Gary Jungermann <GJungermann@Callawaycounty.org>; Curt Warfield <cwarfield@callawaycounty.org> I appreciate you taking the time to send your email. Please know that you have been heard. If you would like to discuss further, I would welcome either a telephon..."
76,cdw-076.pdf,https://archive.org/details/cdw-076,Dani Stratton Data Center concerns in Callaway County,5/15/2026,,Dani Stratton,Callaway DataWatch,Sunshine Request,Data Center,Received,"Dani Stratton: Dear Commissioners,"
77,cdw-077.pdf,https://archive.org/details/cdw-077,Dani Stratton Data Center concerns in Callaway County,5/15/2026,,Dani Stratton,Callaway DataWatch,Sunshine Request,Data Center,Received,"Dani Stratton: To — Gary Jungermann <GJungermann@Callawaycounty.org>; Christopher Scott <cscott@callawaycounty.org>; Curt Warfield <cwarfield@callawaycounty.org> Dear Commissioners,"
78,cdw-078.pdf,https://archive.org/details/cdw-078,Sylvia Streu Urgent Concerns Regarding Proposed Data Centers in Callaway County MO,5/18/2026,,greylady 2,Callaway DataWatch,Sunshine Request,Data Center,Received,"greylady 2: Dear Commissioner [Last Name], I am a resident of [Your Neighborhood/Town] and I am writing to formally express my opposition to"
79,cdw-079.pdf,https://archive.org/details/cdw-079,Sylvia Streu Urgent Concerns Regarding Proposed Data Centers in Callaway County MO,5/18/2026,,greylady 2,Callaway DataWatch,Sunshine Request,Data Center,Received,"greylady 2: Dear Commissioner [Last Name], I am a resident of [Your Neighborhood/Town] and I am writing to formally express my opposition to"
80,cdw-080.pdf,https://archive.org/details/cdw-080,Taeler Thompson Letter of concern regarding data center,5/28/2026,,Taeler Thompson,Callaway DataWatch,Sunshine Request,Data Center,Received,"Taeler Thompson: To — gjungermnann@callawaycounty.org <gjungermnann@callawaycounty.org>; Christopher Scott <cscott@callawaycounty.org>; Curt Warfield <cwarfield@callawaycounty.org> Dear Commissioners,"
81,cdw-081.pdf,https://archive.org/details/cdw-081,Taeler Thompson Letter of concern regarding data center,5/28/2026,,Taeler Thompson,Callaway DataWatch,Sunshine Request,Data Center,Received,"Taeler Thompson: To — gjungermnann@callawaycounty.org <gjungermnann@callawaycounty.org>; Christopher Scott <cscott@callawaycounty.org>; Curt Warfield <cwarfield@callawaycounty.org> Dear Commissioners,"
82,cdw-082.pdf,https://archive.org/details/cdw-082,Curt Warfield Responds to Cathy Vogelweid,,,,Callaway DataWatch,Sunshine Request,Data Center,Received,"No usable OCR text on this scan. Based on the title, this is: Curt Warfield Responds to Cathy Vogelweid. Open the PDF to confirm and add detail."
83,cdw-083.pdf,https://archive.org/details/cdw-083,Email from Mary Vogelweid - Data Center Forum Forum Follow up - More on Water,6/17/2026,,"Vogelweid, Mary",Callaway DataWatch,Sunshine Request,Data Center,Received,"Vogelweid, Mary: Thanks for the update. Hi Cathy, that was determined to be false information that was provided by that group and I think they retracted it. It was sourced by Loopnet that is a marketing ploy for development. |"
84,cdw-084.pdf,https://archive.org/details/cdw-084,Patti Wood Opposes Data Centers in Callaway County MO,5/25/2026,,pgswood,Callaway DataWatch,Sunshine Request,Data Center,Received,"pgswood: Dear Commissioner Mr. Warfield, I am a resident of Mokane Mo and I am writing to formally express my opposition to the proposed data center project in Callaway County."
85,cdw-085.pdf,https://archive.org/details/cdw-085,Patti Wood Opposes Data Centers in Callaway County MO,5/25/2026,,pgswood,Callaway DataWatch,Sunshine Request,Data Center,Received,"pgswood: Dear Commissioner Mr. Warfield, I am a resident of Mokane Mo and I am writing to formally express my opposition to the proposed data center project in Callaway County."
86,cdw-086.pdf,https://archive.org/details/cdw-086,Alita Wright-Bush has Concerns regarding proposed data center in Callaway County MO,5/18/2026,,Alita Wright-Bush,Callaway DataWatch,Sunshine Request,Data Center,Received,Alita Wright-Bush: To — gjungerman@callawaycounty.org <gjungerman@callawaycounty.org>; Christopher Scott <cscott@callawaycounty.org>; Curt Warfield <cwarfield@callawaycounty.org> Gary Jungermann
87,cdw-087.pdf,https://archive.org/details/cdw-087,Alita Wright-Bush has Concerns regarding proposed data center in Callaway County MO,5/18/2026,,Alita Wright-Bush,Callaway DataWatch,Sunshine Request,Data Center,Received,Alita Wright-Bush: To — gjungerman@callawaycounty.org <gjungerman@callawaycounty.org>; Christopher Scott <cscott@callawaycounty.org>; Curt Warfield <cwarfield@callawaycounty.org> Gary Jungermann
88,cdw-088.pdf,https://archive.org/details/cdw-088,Alita Wright-Bush has Concerns regarding proposed data center in Callaway County MO,5/18/2026,,Alita Wright-Bush,Callaway DataWatch,Sunshine Request,Data Center,Received,Alita Wright-Bush: gjungerman@callawaycounty.org <gjungerman@callawaycounty.org>; Christopher Scott <cscott@callawaycounty.org>; Curt Warfield <cwarfield@callawaycounty.org> Gary Jungermann
89,cdw-089.pdf,https://archive.org/details/cdw-089,Dana Zoellner has Urgent Concerns Regarding Proposed Data Center in Callaway County MO,5/18/2026,,Dana Zoellner,Callaway DataWatch,Sunshine Request,Data Center,Received,"Dana Zoellner: Dear Commissioner Warfield, 1am a resident of Callaway County, Fulton, Mo.| am writing to formally express my opposition to the"
90,cdw-090.pdf,https://archive.org/details/cdw-090,Dana Zoellner has Urgent Concerns Regarding Proposed Data Center in Callaway County MO,5/18/2026,,Dana Zoellner,Callaway DataWatch,Sunshine Request,Data Center,Received,"Dana Zoellner: Dear Commissioner Warfield, I am a resident of Callaway County, Fulton, Mo.| am writing to formally express my opposition to the"
91,cdw-091.pdf,https://archive.org/details/cdw-091,"Chris Scott Sends Another Copy and Paste Email Response to Residents of Callaway County, "" Please know you have been heard…""",5/18/2026,,Christopher Scott,Callaway DataWatch,Sunshine Request,Data Center,Received,"Christopher Scott: I appreciate you taking the time to send your email. Please know that you have been heard. If you would like to discuss further, I would welcome either a telephone discussion or an in-person chat. My contact info is all available in the email signature be..."
92,cdw-092.pdf,https://archive.org/details/cdw-092,"Chris Scott Sends Another Copy and Paste Email Response to Only This Time to One of The Backer's - April Backer, "" Please know you have been heard…""",5/26/2026,,Christopher Scott,Callaway DataWatch,Sunshine Request,Data Center,Received,"Christopher Scott: I appreciate you taking the time to send your email. Please know that you have been heard. If you would like to discuss further, I would welcome either a telephone discussion or an in-person chat. My contact info is all available in the email signature be..."
93,cdw-093.pdf,https://archive.org/details/cdw-093,"Chris Scott Sends Another Copy and Paste Email Response to Only This Time to One of The Backer's - April Backer, "" Please know you have been heard…""",5/26/2026,,Christopher Scott,Callaway DataWatch,Sunshine Request,Data Center,Received,"Christopher Scott: To = April Backer <april.backer75@gmail.com> I appreciate you taking the time to send your email. Please know that you have been heard. If you would like to discuss further, I would welcome either a telephone discussion or an in-person chat. My contact info is all available in th..."
94,cdw-094.pdf,https://archive.org/details/cdw-094,April Backer of the Backer Family Contacts the Commissioners with Urgent concerns regarding proposed data center in Callaway County MO,5/25/2026,,April Backer,Callaway DataWatch,Sunshine Request,Data Center,Received,"April Backer: Dear Commissioner Warfield, 1am a resident of rural Callaway County and I am"
95,cdw-095.pdf,https://archive.org/details/cdw-095,April Backer of the Backer Family Contacts the Commissioners with Urgent concerns regarding proposed data center in Callaway County MO,5/25/2026,,April Backer,Callaway DataWatch,Sunshine Request,Data Center,Received,"April Backer: Dear Commissioner Warfield, I am a resident of rural Callaway County and I am"
96,cdw-096.pdf,https://archive.org/details/cdw-096,Callaway DC Wish List (county community improvements request list),4/15/2027,,Callaway County,Callaway DataWatch,Sunshine Request,Data Center,Received,"Callaway County: Itemized county wish list tied to the data center project: EOC/911 center, YMCA pool, health dept, sheriff/jail, courthouse, schools, fire districts, municipalities. Total 1-time $14,300,000; total annual recurring $3,050,000. Second section 'Not yet included in initial ask' adds environmental updates and courthouse bond payoffs (Series 2020-2022, ~$28.35M)."
97,cdw-097.pdf,https://archive.org/details/cdw-097,Email from Lucas Workman from Crusoe AI Regarding Tax Revenue and Power Usage,6/30/2026,,Lucas Workman,Callaway DataWatch,Sunshine Request,Data Center,Received,Lucas Workman: 0 1 attachment (24 KB)
98,cdw-098.pdf,https://archive.org/details/cdw-098,Email from Lucas Workman from Crusoe AI Regarding Tax Revenue and Power Usage,6/30/2026,,Lucas Workman,Callaway DataWatch,Sunshine Request,Data Center,Received,Lucas Workman: 1 attachment (24 KB)
99,cdw-099.pdf,https://archive.org/details/cdw-099,Crusoe Technologies letter to Callaway County Commissioners with Request for Chapter 100 Agreement,,,Crusoe Technologies LLC,Callaway DataWatch,Sunshine Request,Data Center,Received,"Crusoe Technologies LLC: Formal letter from Crusoe Technologies LLC to the Commissioners regarding the Data Center Project, Callaway County, Missouri."
100,cdw-100.pdf,https://archive.org/details/cdw-100,Lucas Workman Crusoe AI Walk through the calculations and assumptions made to arrive at the tax revenue estimates,30-Jun-26,,Jungermann Hi Christopher - Lucas Workman,Callaway DataWatch,Sunshine Request,Data Center,Received,Jungermann Hi Christopher - Lucas Workman: Christopher Scott Heather Tazalla; Gary Jungermann; Curt Warfield; Conor Bates-Janigo
101,cdw-101.pdf,https://archive.org/details/cdw-101,Lucas Workman Crusoe AI Updated Tax Revenue Projections - 336 MW IT,29-Jun-26,,Hi Commissioners - Lucas Workman,Callaway DataWatch,Sunshine Request,Data Center,Received,Hi Commissioners - Lucas Workman: Christopher Scott Conor Bates-Janigo; Heather Tazalla
102,cdw-102.pdf,https://archive.org/details/cdw-102,Email from Gary Jungermann Heather Tazalla,30-Jun-26,,Gary Jungermann Heather Tazalla,Callaway DataWatch,Sunshine Request,Data Center,Received,Gary Jungermann Heather Tazalla: Conor Bates-Janigo Following to Lucas' email - do you need the PDF in excel hard code format as well? Heather Tazalla
103,cdw-103.pdf,https://archive.org/details/cdw-103,Email from Gary Jungermann,8/10/2026,,Gary Jungermann,Callaway DataWatch,Sunshine Request,Data Center,Received,Gary Jungermann: 1 attachment (63 KB) O_Real_85_Personal.pdf; Christopher Scott <cscott@callawaycounty.org>
104,cdw-104.pdf,https://archive.org/details/cdw-104,Calendar: Crusoe & GJ Call (Google Meet),5/29/2026,,,Callaway DataWatch,Sunshine Request,Data Center,Received,Calendar record for recurring 'Crusoe & GJ Call' between Crusoe and Presiding Commissioner Gary Jungermann. Crusoe SF office room bookings (Bush St - Dolomites/Himalaya) with Google Meet link.
105,cdw-105.pdf,https://archive.org/details/cdw-105,Calendar: Crusoe & GJ Call (Google Meet),6/1/2026,,,Callaway DataWatch,Sunshine Request,Data Center,Received,Calendar record for recurring 'Crusoe & GJ Call' between Crusoe and Presiding Commissioner Gary Jungermann. Crusoe SF office room bookings (Bush St - Dolomites/Himalaya) with Google Meet link.
106,cdw-106.pdf,https://archive.org/details/cdw-106,Calendar: Crusoe & GJ Call (Google Meet),6/1/2026,,,Callaway DataWatch,Sunshine Request,Data Center,Received,Calendar record for recurring 'Crusoe & GJ Call' between Crusoe and Presiding Commissioner Gary Jungermann. Crusoe SF office room bookings (Bush St - Dolomites/Himalaya) with Google Meet link.
107,cdw-107.pdf,https://archive.org/details/cdw-107,Calendar: Updated invitation - Crusoe & GJ Call,5/22/2026,,,Callaway DataWatch,Sunshine Request,Data Center,Received,"Updated calendar invitation for 'Crusoe & GJ Call', Fri May 22 2026 12:30pm PDT, sent to gjungermann@callawaycounty.org."
108,cdw-108.pdf,https://archive.org/details/cdw-108,Calendar: Crusoe & GJ Call (Google Meet),6/1/2026,,,Callaway DataWatch,Sunshine Request,Data Center,Received,Calendar record for recurring 'Crusoe & GJ Call' between Crusoe and Presiding Commissioner Gary Jungermann. Crusoe SF office room bookings (Bush St - Dolomites/Himalaya) with Google Meet link.
109,cdw-109.pdf,https://archive.org/details/cdw-109,Calendar: Crusoe & GJ Call (Google Meet),6/1/2026,,,Callaway DataWatch,Sunshine Request,Data Center,Received,Calendar record for recurring 'Crusoe & GJ Call' between Crusoe and Presiding Commissioner Gary Jungermann. Crusoe SF office room bookings (Bush St - Dolomites/Himalaya) with Google Meet link.
110,cdw-110.pdf,https://archive.org/details/cdw-110,Calendar: Crusoe & GJ Call (Google Meet),6/1/2026,,,Callaway DataWatch,Sunshine Request,Data Center,Received,Calendar record for recurring 'Crusoe & GJ Call' between Crusoe and Presiding Commissioner Gary Jungermann. Crusoe SF office room bookings (Bush St - Dolomites/Himalaya) with Google Meet link.
111,cdw-111.pdf,https://archive.org/details/cdw-111,"Calendar: meeting invite, Mon 7/6/2026 3:00 PM (Google Meet)",7/6/2026,,,Callaway DataWatch,Sunshine Request,Data Center,Received,Calendar record for a Google Meet on Mon 7/6/2026 3:00-3:30 PM from Gary Jungermann's calendar; status 'Not yet responded'.
112,cdw-112.pdf,https://archive.org/details/cdw-112,Email from Gary Jungermann Lucas Workman,18-May-26,,Gary Jungermann Lucas Workman,Callaway DataWatch,Sunshine Request,Data Center,Received,Gary Jungermann Lucas Workman: Gary Jungermann Heather Tazalla; Conor Bates-Janigo Thank you for sharing Gary. I forgot to mention on the phone call that the Abilene Chamber of Commerce
113,cdw-113.pdf,https://archive.org/details/cdw-113,Chapter 100 Financial Information Worksheet (Crusoe Inc. Project),12/31/2026,,Crusoe Inc.,Callaway DataWatch,Sunshine Request,Data Center,Received,"Crusoe Inc.: Chapter 100 financial information worksheet for the Crusoe project; project site listed by coordinates (38°58'36.5""N 91°59'11.8""W)."
114,cdw-114.pdf,https://archive.org/details/cdw-114,Chapter 100 Financial Information Worksheet (Crusoe Inc. Project),12/31/2026,,Crusoe Inc.,Callaway DataWatch,Sunshine Request,Data Center,Received,"Crusoe Inc.: Chapter 100 financial information worksheet for the Crusoe project; project site listed by coordinates (38°58'36.5""N 91°59'11.8""W)."
115,cdw-115.pdf,https://archive.org/details/cdw-115,"MAC County Courier - March 6, 2026",3/6/2026,,David Owen,Callaway DataWatch,Sunshine Request,Data Center,Received,David Owen: Missouri Association of Counties Advocating for county governments in Missouri since 1972
116,cdw-116.pdf,https://archive.org/details/cdw-116,Subscriptions to NACO Emailer - SPAM,3/12/2026,,NACo,Callaway DataWatch,Sunshine Request,Data Center,Received,NACo: Having trouble viewing this email? Click here to view it in a web browser. 26 I Presidential
117,cdw-117.pdf,https://archive.org/details/cdw-117,"MAC County Courier - May 15, 2026 - SPAM",5/15/2026,,David Owen,Callaway DataWatch,Sunshine Request,Data Center,Received,David Owen: Missouri Association of Counties Advocating for county governments in Missouri since 1972
118,cdw-118.pdf,https://archive.org/details/cdw-118,"MAC County Courier - June 12, 2026 - SPAM",6/12/2026,,David Owen,Callaway DataWatch,Sunshine Request,Data Center,Received,David Owen: Missouri Association of Counties Advocating for county governments in Missouri since 1972
119,cdw-119.pdf,https://archive.org/details/cdw-119,"MAC County Courier - June 12, 2026 - SPAM",6/12/2026,,David Owen,Callaway DataWatch,Sunshine Request,Data Center,Received,David Owen: Missouri Association of Counties Advocating for county governments in Missouri since 1972
120,cdw-120.pdf,https://archive.org/details/cdw-120,"MAC County Courier - May 29, 2026 - SPAM",5/29/2026,,David Owen,Callaway DataWatch,Sunshine Request,Data Center,Received,David Owen: Missouri Association of Counties Advocating for county governments in Missouri since 1972
121,cdw-121.pdf,https://archive.org/details/cdw-121,"MAC County Courier - May 15, 2026 - SPAM",5/15/2026,,David Owen,Callaway DataWatch,Sunshine Request,Data Center,Received,David Owen: Missouri Association of Counties Advocating for county governments in Missouri since 1972
122,cdw-122.pdf,https://archive.org/details/cdw-122,"MAC County Courier - March 6, 2026 - SPAM",3/6/2026,,David Owen,Callaway DataWatch,Sunshine Request,Data Center,Received,David Owen: Missouri Association of Counties Advocating for county governments in Missouri since 1972
123,cdw-123.pdf,https://archive.org/details/cdw-123,"MAC County Courier - March 6, 2026 - SPAM",3/6/2026,,David Owen,Callaway DataWatch,Sunshine Request,Data Center,Received,David Owen: i Association of Counties Advocating for county ¢
124,cdw-124.pdf,https://archive.org/details/cdw-124,Email from Gary Jungermann to Sheriff's Office (DMaylee) - Interesting how this is the only email from the Sheriff in this request from CDW when PCCM LLC received others that had the same keywords in them that CDW requested,5-Aug-26,,Gary Jungermann,Callaway DataWatch,Sunshine Request,Data Center,Received,"Gary Jungermann: Short email from Gary Jungermann to DMaylee@CallawaySO.org, Wed Aug 5 2026: 'Thanks for the info sir.'"
125,cdw-125.pdf,https://archive.org/details/cdw-125,Email from Mark Brady from Polsinelli - Shareholder,3/18/2026,,Mark Brady,Callaway DataWatch,Sunshine Request,Data Center,Received,Mark Brady: It was good seeing you earlier today! mbrady@polsinelli.com 7676 Forsyth Boulevard
126,cdw-126.pdf,https://archive.org/details/cdw-126,Email from Gary Jungermann Mark Brady from Polsinelli - Shareholder,6-Aug-26,,Gary Jungermann Mark Brady,Callaway DataWatch,Sunshine Request,Data Center,Received,"Gary Jungermann Mark Brady: Grimm, Mark (G&B); Gary Jungermann; Travis Elliott; Lauren DeSantis Flynn, Sean (G&B); Weaver, Nick (G&B) Thanks for sending the schedule. The Development Team is good with this timeline. If we collectively determine we"
127,cdw-127.pdf,https://archive.org/details/cdw-127,Email from Gary Jungermann Mark Brady from Polsinelli - Shareholder,23-Jan-26,,Gary Jungermann Mark Brady,Callaway DataWatch,Sunshine Request,Data Center,Received,Gary Jungermann Mark Brady: Gary Jungermann Thanks for the follow up! I have reached out to the development team to learn their availability and will follow back Have a great weekend and stay safe and warm with this winter storm blowing through.
128,cdw-128.pdf,https://archive.org/details/cdw-128,Email from Gary Jungermann Mark Brady from Polsinelli - Shareholder,16-Jan-26,,Gary Jungermann Mark Brady,Callaway DataWatch,Sunshine Request,Data Center,Received,Gary Jungermann Mark Brady: Gary Jungermann Potential Project in Callaway County Follow Up Flag:
129,cdw-129.pdf,https://archive.org/details/cdw-129,Calendar: Mark Brady from Polsinelli - Shareholder,7/28/2026,,Mark Brady,Callaway DataWatch,Sunshine Request,Data Center,Received,"Mark Brady: Calendar invitation/meeting record. Mark Brady <MBrady@Polsinelli.com> This event occurred 1 week ago (Tue 7/28/2026 3:30 PM - 4:30 PM) Microsoft Teams Meeting Required attendees Mark Brady, Gary Jungermann, Curt Warfield, Christopher Scott, Callaway Commission, Travis Elliott, Pete Endres, Oliver Chag (oliver@rangerpower.com), Spencer Culver Fri 7/24/2026 3:05 PM"
130,cdw-130.pdf,https://archive.org/details/cdw-130,Calendar: Mark Brady from Polsinelli - Shareholder,7/28/2026,,Mark Brady,Callaway DataWatch,Sunshine Request,Data Center,Received,"Mark Brady: Calendar invitation/meeting record. Mark Brady <MBrady@Polsinelli.com> This event occurred 1 week ago (Tue 7/28/2026 3:30 PM - 4:30 PM) Microsoft Teams Meeting Required attendees Mark Brady, Gary Jungermann, Curt Warfield, Christopher Scott, Callaway Commission, Travis Elliott, Pete Endres, Oliver Chag (oliver@rangerpower.com), Spencer Culver Fri 7/24/2026 3:05 PM"
131,cdw-131.pdf,https://archive.org/details/cdw-131,Calendar: Mark Brady from Polsinelli - Shareholder,7/28/2026,,Mark Brady,Callaway DataWatch,Sunshine Request,Data Center,Received,"Mark Brady: Calendar invitation/meeting record. Mark Brady <MBrady@Polsinelli.com> This event occurred 1 week ago (Tue 7/28/2026 3:30 PM - 4:30 PM) Microsoft Teams Meeting Required attendees Mark Brady, Gary Jungermann, Curt Warfield, Christopher Scott, Callaway Commission, Travis Elliott, Pete Endres, Oliver Chag (oliver@rangerpower.com), Spencer Culver Fri 7/24/2026 3:27 PM"
132,cdw-132.pdf,https://archive.org/details/cdw-132,Email from Gary Jungermann Lucas Workman Crusoe AI,5-May-26,,Gary Jungermann Lucas Workman,Callaway DataWatch,Sunshine Request,Data Center,Received,Gary Jungermann Lucas Workman: Allen Storm for the quick response. I sent out a calendar invite for tomorrow at 11:00am CT. Please let me know if that time doesn't work for you.
133,cdw-133.pdf,https://archive.org/details/cdw-133,Email from Gary Jungermann Lucas Workman Crusoe AI,5-May-26,,Gary Jungermann Lucas Workman,Callaway DataWatch,Sunshine Request,Data Center,Received,"Gary Jungermann Lucas Workman: Gary Jungermann Jody Paschal; Allen Storm Gary, thanks for the introduction."
134,cdw-134.pdf,https://archive.org/details/cdw-134,Email from Gary Jungermann Heather Tazalla Crusoe AI,24-Jun-26,,Gary Jungermann Heather Tazalla,Callaway DataWatch,Sunshine Request,Data Center,Received,"Gary Jungermann Heather Tazalla: Gary Commissioners, following up on our prior conversation to see when we may be able to meet this week (tomorrow or Friday) to advance our conversation on abatements and community benefits. As"
135,cdw-135.pdf,https://archive.org/details/cdw-135,"Email thread: Heather Tazalla Crusoe AI/ Christopher Scott (Jul 2, 2026)",2-Jul-26,,Heather Tazalla,Callaway DataWatch,Sunshine Request,Data Center,Received,"Heather Tazalla: Thread fragment: Heather Tazalla (Crusoe, 214-263-8388) with Christopher Scott's Jul 2 2026 4:49 PM message to Lucas, Heather, Conner."
136,cdw-136.pdf,https://archive.org/details/cdw-136,Letter fragment: Callaway County Commission Western District,,,Christopher Scott,Callaway DataWatch,Sunshine Request,Data Center,Received,"Christopher Scott: Fragment showing Commission Western District letterhead/signature block (10 East 5th Street, Fulton). Western District is Commissioner Christopher Scott. Open PDF for the letter body."
137,cdw-137.pdf,https://archive.org/details/cdw-137,Email from Gary Jungermann Lucas Workman Crusoe AI,8/10/2026,,Gary Jungermann,Callaway DataWatch,Sunshine Request,Data Center,Received,Gary Jungermann: @ 1 attachment (2 MB) Kingdom City WorkSheet - Building 1 .pdf; Please find the updated worksheet for Mark Grimm attached. Please let me know if you have
138,cdw-138.pdf,https://archive.org/details/cdw-138,Email from Gary Jungermann Lucas Workman Crusoe AI,8/10/2026,,Gary Jungermann,Callaway DataWatch,Sunshine Request,Data Center,Received,Gary Jungermann: ) 1 attachment (24 KB) O_Real_85_Personal.xlsx; Ce: Heather Tazalla <htazalla@crusoe.ai>; Gary Jungermann <GJungermann@Callawaycounty.org>; Curt Warfield
139,cdw-139.pdf,https://archive.org/details/cdw-139,Letter fragment: Commissioner Christopher Scott signature block,29-Jun-26,,Christopher Scott,Callaway DataWatch,Sunshine Request,Data Center,Received,"Christopher Scott: Signature block of Commissioner Christopher Scott, Callaway County Commission Western District. Open PDF for surrounding content."
140,cdw-140.pdf,https://archive.org/details/cdw-140,Scheduling email: meeting before the holiday (Mountain Time),8/10/2026,,,Callaway DataWatch,Sunshine Request,Data Center,Received,"Scheduling email proposing meeting slots before the holiday, Mountain Time (Denver), guests include Lucas [Workman]. Sender name not captured; Mountain Time and guest list indicate Crusoe side."
141,cdw-141.pdf,https://archive.org/details/cdw-141,"Signature fragment: Manager, State & Local Economic Development",,,,Callaway DataWatch,Sunshine Request,Data Center,Received,"Signature-block fragment: 'Manager, State & Local Economic Development', phone (970) 302-1879 (Colorado area code, Crusoe side). Name not captured by OCR; open PDF."
142,cdw-142.pdf,https://archive.org/details/cdw-142,Email from Gary Jungermann,8/10/2026,,Gary Jungermann,Callaway DataWatch,Sunshine Request,Data Center,Received,Gary Jungermann: Q 2 attachments (90 KB) 85% Public.pdf; 85% PublicV2.pdf; <comish@callawaycounty.org>; Heather Tazalla <htazalla@crusoe.ai>; Conor Bates-Janigo
143,cdw-143.pdf,https://archive.org/details/cdw-143,Email from Callaway Commission,4/13/2026,,Callaway Commission,Callaway DataWatch,Sunshine Request,Data Center,Received,"Callaway Commission: Gary is getting phone calls today from the Electric Company and the Water District asking about the meeting. Gary would like to know today what time the meeting is on the 22nd, and if you can also..."
144,cdw-144.pdf,https://archive.org/details/cdw-144,"Email fragment: Cc list (Crusoe, Polsinelli, NorthPoint)",3-Apr-26,,,Callaway DataWatch,Sunshine Request,Data Center,Received,"Fragment showing a Cc list: Conor Bates-Janigo and Lucas Workman (Crusoe), Mark Brady (Polsinelli), Jennifer George (NorthPoint KC). Open PDF for the message body."
145,cdw-145.pdf,https://archive.org/details/cdw-145,Email re rescheduling: virtual meeting proposed for April 22,5/29/2026,,,Callaway DataWatch,Sunshine Request,Data Center,Received,Message noting the Commissioners cannot remain an additional day and asking whether a virtual meeting on April 22 would be acceptable.
146,cdw-146.pdf,https://archive.org/details/cdw-146,Crusoe 2024 Impact Report,5/5/2026,,Curt Warfield,Callaway DataWatch,Sunshine Request,Data Center,Received,Curt Warfield: To — Christopher Scott <cscott@callawaycounty.org>; Gary Jungermann <GJungermann@Callawaycounty.org> @ 1 attachment (5 MB) Crusoe_Impact_Report_2024.pdf;
147,cdw-147.pdf,https://archive.org/details/cdw-147,Email from Callaway Commission,5/11/2026,,Callaway Commission,Callaway DataWatch,Sunshine Request,Data Center,Received,Callaway Commission: 2 attachments (90 KB) 85% Public.pdf; 85% PublicV2.pdf; <comish@callawaycounty.org>; Heather Tazalla <htazalla@crusoe.ai>; Conor Bates-Janigo
148,cdw-148.pdf,https://archive.org/details/cdw-148,Email Fragment: Crusoe AI,,,,Callaway DataWatch,Sunshine Request,Data Center,Received,"No usable OCR text on this scan. Based on the title, this is: Email Fragment: Crusoe AI. Open the PDF to confirm and add detail."
149,cdw-149.pdf,https://archive.org/details/cdw-149,Email from Callaway Commission,5/11/2026,,Callaway Commission,Callaway DataWatch,Sunshine Request,Data Center,Received,Callaway Commission: I am not sure why but Crusoe seems to only be emailing those calendar invites to Gary and then I stumble upon it Commissioners <commissioners@callaway...
150,cdw-150.pdf,https://archive.org/details/cdw-150,"Email from Nicholas Tietsort, City Administrator, Holts Summit",5/11/2026,,Nicholas Tietsort,Callaway DataWatch,Sunshine Request,Data Center,Received,"Nicholas Tietsort: 'Please see attached' transmittal from Nicholas Tietsort, MPA, City Administrator, City of Holts Summit."
151,cdw-151.pdf,https://archive.org/details/cdw-151,Calendar: Callaway Commission,5/22/2026,,Callaway Commission,Callaway DataWatch,Sunshine Request,Data Center,Received,"Callaway Commission: Calendar invitation/meeting record. Callaway Commission <comish@callawaycounty.org> This event occurred 2 months ago (Fri 2026-05-22 2:30 PM - 3:00 PM) Not yet responded Required attendees Callaway Commission, Christopher Scott, Curt Warfield Optional attendees Christopher Ward Scott Fri 2026-05-22 2:34 PM"
152,cdw-152.pdf,https://archive.org/details/cdw-152,Calendar: Crusoe & GJ Call (Google Meet),5/26/2026,,,Callaway DataWatch,Sunshine Request,Data Center,Received,Calendar record for recurring 'Crusoe & GJ Call' between Crusoe and Presiding Commissioner Gary Jungermann. Crusoe SF office room bookings (Bush St - Dolomites/Himalaya) with Google Meet link.
153,cdw-153.pdf,https://archive.org/details/cdw-153,Calendar: Canceled Crusoe Virtual Meeting Callaway Commission,5/29/2026,,Virtual Meeting Callaway Commission,Callaway DataWatch,Sunshine Request,Data Center,Received,"Virtual Meeting Callaway Commission: Calendar invitation/meeting record. Canceled: Crusoe Virtual Meeting Callaway Commission <comish@callawaycounty.org> This event occurred 2 months ago (Fri 2026-05-29 2:30 PM - 3:30 PM) Required attendees Callaway Commission, Commissioners Optional attendees Christopher Scott, Curt Warfield, Gary Jungermann Thu 2026-05-28 11:45 AM"
154,cdw-154.pdf,https://archive.org/details/cdw-154,Email from Callaway Commission,6/8/2026,,Callaway Commission,Callaway DataWatch,Sunshine Request,Data Center,Received,Callaway Commission: @ 1 attachment (3 MB) Ch. 100 Information Worksheet-Crusoe_Callaway County (1).pdf;
155,cdw-155.pdf,https://archive.org/details/cdw-155,"Calendar: Accepted Callaway County/Crusoe Project Grimm, Mark (G&B)",6/9/2026,,Mark (G&B),Callaway DataWatch,Sunshine Request,Data Center,Received,"Mark (G&B): Calendar invitation/meeting record. Accepted: Callaway County/Crusoe Project Grimm, Mark (G&B) <MGRIMM@GilmoreBell.com> This event occurred 2 months ago (Tue 2026-06-09 4:00 PM - 4:30 PM) Microsoft Teams Meeting Required attendees Grimm, Mark (G&B), Christopher Scott, Curt Warfield, Travis Elliott, Gary Jungermann, Weaver, Tue 2026-06-09 10:00 AM"
156,cdw-156.pdf,https://archive.org/details/cdw-156,Email from Callaway Commission,6/24/2026,,Callaway Commission,Callaway DataWatch,Sunshine Request,Data Center,Received,"Callaway Commission: Commissioners, following up on our prior conversation to see when we may be able to meet this week"
157,cdw-157.pdf,https://archive.org/details/cdw-157,Calendar: Accepted Callaway Project Meeting Heather Tazalla,6/26/2026,,Callaway Project Meeting Heather Tazalla,Callaway DataWatch,Sunshine Request,Data Center,Received,"Callaway Project Meeting Heather Tazalla: Calendar invitation/meeting record. Accepted: Callaway Project Meeting Heather Tazalla <htazalla@crusoe.ai> This event occurred 1 month ago (Fri 2026-06-26 11:00 AM - 12:00 PM) https://meet.google.com/vjf-mwnq-fzb Not yet responded Required attendees Heather Tazalla, Lucas Workman, jgeorge@northpointkc.com, Curt Warfield, Callaway"
158,cdw-158.pdf,https://archive.org/details/cdw-158,Calendar: Updated invitation Callaway Project Meeting,6/26/2026,,Heather Tazalla,Callaway DataWatch,Sunshine Request,Data Center,Received,"Heather Tazalla: Calendar invitation/meeting record. Updated invitation: Callaway Project Meeting @ Fri Jun 26, 2026 9am - 10am (PDT) (cwarfield@callawaycounty.org) Heather Tazalla <htazalla@crusoe.ai> This event occurred 1 month ago (Fri 2026-06-26 11:00 AM - 12:00 PM) https://meet.google.com/vjf-mwnq-fzb Not yet responded"
159,cdw-159.pdf,https://archive.org/details/cdw-159,Calendar: Updated invitation Callaway Project Meeting,6/26/2026,,Heather Tazalla,Callaway DataWatch,Sunshine Request,Data Center,Received,"Heather Tazalla: Calendar invitation/meeting record. Updated invitation: Callaway Project Meeting @ Fri Jun 26, 2026 9am - 10am (PDT) (cwarfield@callawaycounty.org) Heather Tazalla <htazalla@crusoe.ai> This event occurred 1 month ago (Fri 2026-06-26 11:00 AM - 12:00 PM) https://meet.google.com/vjf-mwnq-fzb Not yet responded"
160,cdw-160.pdf,https://archive.org/details/cdw-160,"Calendar: Updated invitation - Callaway/Crusoe (Jun 30, 2026)",7/7/2026,,,Callaway DataWatch,Sunshine Request,Data Center,Received,"Updated calendar invitation 'Callaway/Crusoe', Tue Jun 30 2026 1:30-2pm MDT, involving lworkman@crusoe.ai and county commissioners."
161,cdw-161.pdf,https://archive.org/details/cdw-161,Email from Christopher Scott regarding Crusoe AI Data Center Wish List,7/1/2026,,Christopher Scott,Callaway DataWatch,Sunshine Request,Data Center,Received,Christopher Scott: @ 1 attachment (13 KB) DC Wish List.xlsx;
162,cdw-162.pdf,https://archive.org/details/cdw-162,Mary Vogelweid Data Center Forum Follow-up -- More info on water,6/16/2026,,"Vogelweid, Mary",Callaway DataWatch,Sunshine Request,Data Center,Received,"Vogelweid, Mary: "
163,cdw-163.pdf,https://archive.org/details/cdw-163,Mary Vogelweid Data Center Forum Follow-up -- More info on water,6/16/2026,,"Vogelweid, Mary",Callaway DataWatch,Sunshine Request,Data Center,Received,"Vogelweid, Mary: Cc — susan burns <susanraeburns@gmail.com>"
164,cdw-164.pdf,https://archive.org/details/cdw-164,Email Chain with Callaway Commission Lucas Workman Crusoe AI,5/11/2026,,Callaway Commission,Callaway DataWatch,Sunshine Request,Data Center,Received,Callaway Commission: Y 1 attachment (181 KB) Crusoe_Chapter100_Proposal_CallawayCounty.pdf; <comish@callawaycounty.org>; Heather Tazalla <htazalla@crusoe.ai>; Conor Bates-Janigo
165,cdw-165.pdf,https://archive.org/details/cdw-165,Crusoe 2024 Impact Report - Can Be Found on Crusoe AI Website - It Is A Sales Pitch,5/5/2026,,Curt Warfield,Callaway DataWatch,Sunshine Request,Data Center,Received,Curt Warfield: Q 1 attachment (5 MB) Crusoe_Impact_Report_2024.pdf;
166,cdw-166.pdf,https://archive.org/details/cdw-166,Email Chain About Revenue Estimates with Callaway Commission and Lucas Workman Crusoe AI,5/11/2026,,Callaway Commission,Callaway DataWatch,Sunshine Request,Data Center,Received,Callaway Commission: 1 attachment (181 KB) Crusoe_Chapter100_Proposal_CallawayCounty.pdf; <comish@callawaycounty.org>; Heather Tazalla <htazalla@crusoe.ai>; Conor Bates-Janigo
167,cdw-167.pdf,https://archive.org/details/cdw-167,Calendar: Accepted 3C's Economic Development project virtual meeting Callaway Commission,4/27/2026,,Callaway Commission,Callaway DataWatch,Sunshine Request,Data Center,Received,"Callaway Commission: Calendar invitation/meeting record. Accepted: 3C's Economic Development project virtual meeting Callaway Commission <comish@callawaycounty.org> This event occurred 3 months ago (Mon 2026-04-27 3:00 PM - 4:30 PM) Commission Office, 10 East Sth Street, Room 301, Fulton, MO 65251 Required attendees Callaway Commission, Commissioners Optional attendees Curt Warfield, Christopher Scott,..."
168,cdw-168.pdf,https://archive.org/details/cdw-168,Calendar: Crusoe Follow Up between 9:30-10:00 Callaway Commission,4/14/2026,,Callaway Commission,Callaway DataWatch,Sunshine Request,Data Center,Received,"Callaway Commission: Calendar invitation/meeting record. Crusoe Follow Up between 9:30-10:00 Callaway Commission <comish@callawaycounty.org> This event occurred 4 months ago (Tue 4/14/2026 9:30 AM - 11:00 AM) Commission Office, 10 East 5th Street, Room 301, Fulton, MO 65251 Required attendees Callaway Commission, Curt Warfield, Christopher Scott, Gary Jungermann Optional attendees Christopher..."
169,cdw-169.pdf,https://archive.org/details/cdw-169,Email from Callaway Commission to Tamara Tateosian Callaway Chamber of Commerce,4/13/2026,,Callaway Commission,Callaway DataWatch,Sunshine Request,Data Center,Received,"Callaway Commission: Gary is getting phone calls today from the Electric Company and the Water District asking about the meeting. Gary would like to know today what time the meeting is on the 22nd, and if you can also ..."
170,cdw-170.pdf,https://archive.org/details/cdw-170,Crusoe 2024 Impact Report - Can Be Found on Crusoe AI Website - It Is A Sales Pitch,5/5/2026,,Curt Warfield,Callaway DataWatch,Sunshine Request,Data Center,Received,Curt Warfield: 1 attachment (5 MB) Crusoe_Impact_Report_2024.pdf;
171,cdw-171.pdf,https://archive.org/details/cdw-171,Email Chain with Callaway Commission Lucas Workman Crusoe AI,5/11/2026,,Callaway Commission,Callaway DataWatch,Sunshine Request,Data Center,Received,Callaway Commission: i) 2 attachments (90 KB) 85% Public.pdf; 85% PublicV2.pdf; <comish@callawaycounty.org>; Heather Tazalla <htazalla@crusoe.ai>; Conor Bates-Janigo
172,cdw-172.pdf,https://archive.org/details/cdw-172,Email Chain with Callaway Commission Lucas Workman Crusoe AI,5/11/2026,,Callaway Commission,Callaway DataWatch,Sunshine Request,Data Center,Received,Callaway Commission: W 2 attachments (90 KB) 85% Public.pdf; 85% PublicV2.pdf; <comish@callawaycounty.org>; Heather Tazalla <htazalla@crusoe.ai>; Conor Bates-Janigo
173,cdw-173.pdf,https://archive.org/details/cdw-173,Nicholas Tietsort CAMPO Appointment,,,,Callaway DataWatch,Sunshine Request,Data Center,Received,Nicholas Tietsort CAMPO Appointment
174,cdw-174.pdf,https://archive.org/details/cdw-174,Canceled: Crusoe & GJ Call,,,,Callaway DataWatch,Sunshine Request,Data Center,Received,"No usable OCR text on this scan. Based on the title, this is: Canceled: Crusoe & GJ Call. Open the PDF to confirm and add detail."
175,cdw-175.pdf,https://archive.org/details/cdw-175,Accepted: Crusoe AI Meeting,,,,Callaway DataWatch,Sunshine Request,Data Center,Received,"No usable OCR text on this scan. Based on the title, this is: Accepted: Crusoe AI Meeting. Open the PDF to confirm and add detail."
176,cdw-176.pdf,https://archive.org/details/cdw-176,Accepted: Crusoe AI & GJ Call,,,,Callaway DataWatch,Sunshine Request,Data Center,Received,"No usable OCR text on this scan. Based on the title, this is: Accepted: Crusoe AI & GJ Call. Open the PDF to confirm and add detail."
177,cdw-177.pdf,https://archive.org/details/cdw-177,Cancled: Crusoe Virtual Meeting,,,,Callaway DataWatch,Sunshine Request,Data Center,Received,"No usable OCR text on this scan. Based on the title, this is: Cancled: Crusoe Virtual Meeting. Open the PDF to confirm and add detail."
178,cdw-178.pdf,https://archive.org/details/cdw-178,Navigate MSA and Task Order 1 - Navigate Building Solutions - FGMA's and JEMA's proposals - Commissioners - Clerk's Office - EOC Director - 911 Director - Craig Schluter w/ Navigate - David Lowell with Navigate - Architect teams,,,,Callaway DataWatch,Sunshine Request,Data Center,Received,"No usable OCR text on this scan. Based on the title, this is: Navigate MSA and Task Order 1 - Navigate Building Solutions - FGMA's and JEMA's proposals - Commissioners - Clerk's Office - EOC Director - 911 Director - Craig Schluter w/ Navigate - David Lowell with Navigate - Architect teams. Open the PDF to confirm and add detail."
179,cdw-179.pdf,https://archive.org/details/cdw-179,Accepted Crusoe Project in Callaway,,,,Callaway DataWatch,Sunshine Request,Data Center,Received,"No usable OCR text on this scan. Based on the title, this is: Accepted Crusoe Project in Callaway. Open the PDF to confirm and add detail."
180,cdw-180.pdf,https://archive.org/details/cdw-180,"Meeting Next week - Heather Tazalla, Senior Director, Real Estate Acquisitions (Crusoe)",,,Heather Tazalla,Callaway DataWatch,Sunshine Request,Data Center,Received,"Heather Tazalla: Page scanned upside down/mirrored, so OCR text is reversed. Decoded: Heather Tazalla, Senior Director, Real Estate Acquisitions, 214-263-8388. Page orientation itself is worth noting in the production-quality pattern."
181,cdw-181.pdf,https://archive.org/details/cdw-181,Accepted Callaway Project Meeting - Crusoe AI,,,,Callaway DataWatch,Sunshine Request,Data Center,Received,"No usable OCR text on this scan. Based on the title, this is: Accepted Callaway Project Meeting - Crusoe AI. Open the PDF to confirm and add detail."
182,cdw-182.pdf,https://archive.org/details/cdw-182,"Updated Invitation: Callaway Project Meeting Friday June 26, 2026",,,,Callaway DataWatch,Sunshine Request,Data Center,Received,"No usable OCR text on this scan. Based on the title, this is: Updated Invitation: Callaway Project Meeting Friday June 26, 2026. Open the PDF to confirm and add detail."
183,cdw-183.pdf,https://archive.org/details/cdw-183,Accepted Callaway Project Meeting - Crusoe AI,,,,Callaway DataWatch,Sunshine Request,Data Center,Received,"No usable OCR text on this scan. Based on the title, this is: Accepted Callaway Project Meeting - Crusoe AI. Open the PDF to confirm and add detail."
184,cdw-184.pdf,https://archive.org/details/cdw-184,"Lunch Invite for Bek's with Jeff Davis with North Point KC & Email Chain Discussing the Stargate Tour, and having lunch or coffee with Brian Grace Represents Crusoe AI and Jeff Davis.",,,Christopher Scott,Callaway DataWatch,Sunshine Request,Data Center,Received,"Christopher Scott: Signature block: Christopher Scott, Insurance and Financial Services Agent, 320 S Summit Dr, Holts Summit (his private business signature, same mobile number as his Commission signature). Open PDF for surrounding content."
185,cdw-185.pdf,https://archive.org/details/cdw-185,"Calendar: Updated invitation - Callaway/Crusoe (Jun 30, 2026) - Lucas Workman, Curt Warfield, cscott4callaway@gmail.com, Gary Jungermann, cbatesjanigo@crusoe.ai, htazalla@crusoe.ai, Christopher Scott, Christopher Ward Scott, Jjgeorge@northpointkc.com,",7/7/2026,,,Callaway DataWatch,Sunshine Request,Data Center,Received,"Updated calendar invitation 'Callaway/Crusoe', Tue Jun 30 2026 1:30-2pm MDT, involving lworkman@crusoe.ai and county commissioners."
186,cdw-186.pdf,https://archive.org/details/cdw-186,Chris Scott Discussing Crusoe AI Data Center Wish List with Curt Warfield,7/1/2026,,Christopher Scott,Callaway DataWatch,Sunshine Request,Data Center,Received,Christopher Scott: Cc — Gary Jungermann <GJungermann@Callawaycounty.org> 1 attachment (13 KB) DC Wish List.xlsx;
187,cdw-187.pdf,https://archive.org/details/cdw-187,Chris Scott and Heather Tazalla Crusoe AI discuss tax reporting,,,,Callaway DataWatch,Sunshine Request,Data Center,Received,"No usable OCR text on this scan. Based on the title, this is: Chris Scott and Heather Tazalla Crusoe AI discuss tax reporting. Open the PDF to confirm and add detail."
188,cdw-188.pdf,https://archive.org/details/cdw-188,Email from Lucas Workman,7/6/2026,,Lucas Workman,Callaway DataWatch,Sunshine Request,Data Center,Received,Lucas Workman: @ 1 attachment (14 KB)
189,cdw-189.pdf,https://archive.org/details/cdw-189,Calendar: 3C's Economic Development project virtual meeting Callaway Commission,4/27/2026,,Callaway Commission,Callaway DataWatch,Sunshine Request,Data Center,Received,"Callaway Commission: Calendar invitation/meeting record. 3C's Economic Development project virtual meeting Callaway Commission <comish@callawaycounty.org> This event occurred 3 months ago (Mon 4/27/2026 3:00 PM - 4:30 PM) Commission Office, 10 East Sth Street, Room 301, Fulton, MO 65251 Required attendees Callaway Commission, Commissioners Optional attendees Curt Warfield, Christopher Scott, Gary..."
190,cdw-190.pdf,https://archive.org/details/cdw-190,"Email from Chris Scott Lies Saying Danielle Lawson and Jenny Love From Callaway Data Watch ""expressed the open house answered most of her questions"" Which is FAR from the truth - We expressed the numerous discrepencies and even provided a lengthy list. I will be making that list availble on our website soon. Feel free to reach out if you would like access prior.",17-Jul-26,,Gary Jungermann Heather Tazalla,Callaway DataWatch,Sunshine Request,Data Center,Received,"Gary Jungermann Heather Tazalla: Christopher Scott Conor Bates-Janigo; Curt Warfield; Gary Jungermann Good afternoon, Commissioner Scott. Thank you for continuing to field the public's questions. Please"
191,cdw-191.pdf,https://archive.org/details/cdw-191,"Crusoe email to Callaway Commissioners: 53% effective abatement rate calculation, $5.7B total tax estimate",6/10/2026,,Lucas Workman,Callaway DataWatch,Sunshine Request,Data Center,Received,"Lucas Workman (Crusoe) to the Callaway County Commissioners, cc Heather Tazalla, Conor Bates-Janigo, Curt Warfield, Gary Jungermann. Thanks the Commissioners for their willingness to keep communicating and partnering toward an agreeable solution, and attaches Crusoe's calculation for a 53% effective overall abatement rate (the ""effective rate"" tab), assuming a 25-year term at 0% abatement on real property and 85% abatement on personal property, $95.55M in CBA payments, and the fire and ambulance district opting out of the Chapter 100 abatement. Under these assumptions, Crusoe states the project will still generate an estimated $5.7B in total tax revenue for the county's taxing entities over the 25-year term.

How the 53% figure is likely derived: it is not a simple average of 0% and 85%, but a weighted rate. Real property and personal property each have a baseline tax liability over the 25 years if fully taxed; applying 0% abatement to real property leaves it fully taxed, while applying 85% abatement to personal property reduces personal property tax collected to 15% of baseline. The fire and ambulance district opting out means it collects its full share regardless, outside the abatement calculation. The effective rate is the total abated (foregone) tax across both categories divided by what would have been collected with no abatement at all - so the 53% depends heavily on the underlying split between real property value and personal property value in the project, since personal property carries by far the larger abatement.

Open question worth tracking: how much of the projected $5.7B is real estate tax versus personal property tax. Personal property is where the abatement actually applies, and it is also the value most likely to shrink over the 25-year term, since data center hardware becomes cheaper and denser over time and would likely be reassessed at lower value or replaced - meaning the real effective abatement rate could rise well above 53% as the equipment underlying the personal property valuation ages and depreciates faster than real estate does."
